Name,Time,Source,Status
Dream11MerchantVolumeDropAlert,2020-04-13T17:01:59.808400703Z,prom,firing
Dream11MerchantVolumeDropAlert,2020-04-13T14:59:29.808400703Z,prom,resolved
EulerAPICriticalPayTP90,2020-04-13T15:37:34.684883934Z,prom,resolved
EulerAPICriticalPayTP90,2020-04-13T15:32:34.684883934Z,prom,firing
Dream11MerchantVolumeDropAlert,2020-04-13T14:59:29.808400703Z,prom,firing
EulerAPICriticalTxnTP90,2020-04-13T10:16:34.684883934Z,prom,resolved
EulerAPICriticalTxnTP90,2020-04-13T10:16:04.684883934Z,prom,resolved
EulerAPICriticalTxnTP90,2020-04-13T10:16:34.684883934Z,prom,firing
EulerAPICriticalTxnTP90,2020-04-13T10:16:04.684883934Z,prom,firing
PaymentGatewaySuccessRateAlert,2020-04-13T05:46:14.808400703Z,prom,resolved
PaymentGatewaySuccessRateAlert,2020-04-13T05:46:14.808400703Z,prom,firing
PaymentGatewaySuccessRateAlert,2020-04-13T08:09:44.808400703Z,prom,resolved
PaymentGatewaySuccessRateAlert,2020-04-13T05:46:14.808400703Z,prom,firing
PaymentGatewaySuccessRateAlert,2020-04-13T08:09:44.808400703Z,prom,firing
Dream11MerchantVolumeDropAlert,2020-04-13T05:20:29.808400703Z,prom,resolved
PaymentGatewaySuccessRateAlert,2020-04-13T05:46:14.808400703Z,prom,firing
Dream11MerchantVolumeDropAlert,2020-04-13T05:20:29.808400703Z,prom,firing
Dream11MerchantVolumeDropAlert,2020-04-13T04:55:29.808400703Z,prom,resolved
OlaCabsOrderSuccessRateAlert,2020-04-13T05:05:14.808400703Z,prom,resolved
OlaCabsOrderSuccessRateAlert,2020-04-13T05:05:14.808400703Z,prom,firing
Dream11MerchantVolumeDropAlert,2020-04-13T04:55:29.808400703Z,prom,firing
Dream11MerchantVolumeDropAlert,2020-04-13T04:40:29.808400703Z,prom,resolved
Dream11MerchantVolumeDropAlert,2020-04-13T04:40:29.808400703Z,prom,firing
Dream11MerchantVolumeDropAlert,2020-04-13T03:10:14.808400703Z,prom,resolved
PaymentGatewaySuccessRateAlert,2020-04-13T03:02:14.808400703Z,prom,resolved
Dream11MerchantVolumeDropAlert,2020-04-13T03:10:14.808400703Z,prom,firing
PaymentGatewaySuccessRateAlert,2020-04-13T03:01:59.808400703Z,prom,firing
Sentry Error Tracking,2020-04-13 08:50:50.550,Pingdom,
Sentry Error Tracking,2020-04-13 08:50:04.726,Pingdom,
Sentry Error Tracking,2020-04-13 02:49:52.503,Pingdom,
Sentry Error Tracking,2020-04-12 18:33:02.429,Pingdom,
EC Replica DB Read IOPS,2020-04-13 15:44:42.406,Cloudwatch,
EC App Server CPU 70 percentage,2020-04-13 01:18:46.048,Cloudwatch,
EC App Server CPU 70 percentage,2020-04-13 01:02:46.114,Cloudwatch,
EC App Server CPU 70 percentage,2020-04-12 20:02:46.132,Cloudwatch,
