Name,Priority,Source,Time,internal,IssueKey,commentLength
Dream11MerchantVolumeDropAlert,Medium,prom,2020-04-13T22:32:32.274+0530,from_root,AXP-2322,0
EulerAPICriticalPayTP90,Medium,prom,2020-04-13T21:03:07.246+0530,from_root,AXP-2320,0
Dream11MerchantVolumeDropAlert,Medium,prom,2020-04-13T20:30:02.441+0530,from_root,AXP-2319,0
EulerAPICriticalTxnTP90,Medium,prom,2020-04-13T15:46:37.223+0530,from_root,AXP-2318,1
EulerAPICriticalTxnTP90,Medium,prom,2020-04-13T15:46:38.065+0530,from_comment,AXP-2318,0
PaymentGatewaySuccessRateAlert,Medium,prom,2020-04-13T13:41:48.171+0530,from_root,AXP-2316,0
PaymentGatewaySuccessRateAlert,Medium,prom,2020-04-13T11:16:47.347+0530,from_root,AXP-2315,2
PaymentGatewaySuccessRateAlert,Medium,prom,2020-04-13T13:41:47.242+0530,from_comment,AXP-2315,0
PaymentGatewaySuccessRateAlert,Medium,prom,2020-04-13T13:46:45.668+0530,from_comment,AXP-2315,0
Dream11MerchantVolumeDropAlert,Medium,prom,2020-04-13T10:51:00.858+0530,from_root,AXP-2314,0
OlaCabsOrderSuccessRateAlert,Medium,prom,2020-04-13T10:35:45.681+0530,from_root,AXP-2313,0
Dream11MerchantVolumeDropAlert,Medium,prom,2020-04-13T10:11:02.380+0530,from_root,AXP-2312,1
Dream11MerchantVolumeDropAlert,Medium,prom,2020-04-13T10:26:00.676+0530,from_comment,AXP-2312,0
Dream11MerchantVolumeDropAlert,Medium,prom,2020-04-13T08:40:45.846+0530,from_root,AXP-2311,0
PaymentGatewaySuccessRateAlert,Medium,prom,2020-04-13T08:32:32.189+0530,from_root,AXP-2310,0
Sentry Error Tracking,Medium,pingdom,2020-04-13T14:20:06.302+0530,from_root,AXP-2317,1
Sentry Error Tracking,Medium,pingdom,2020-04-13T14:20:51.256+0530,from_comment,AXP-2317,0
Sentry Error Tracking,Medium,pingdom,2020-04-13T00:03:04.060+0530,from_root,AXP-2307,0
EC Replica DB Read IOPS,Medium,cloudwatch,2020-04-13T21:14:43.272+0530,from_root,AXP-2321,0
EC App Server CPU 70 percentage,Medium,cloudwatch,2020-04-13T06:32:47.637+0530,from_root,AXP-2309,1
EC App Server CPU 70 percentage,Medium,cloudwatch,2020-04-13T06:48:47.556+0530,from_comment,AXP-2309,0
EC App Server CPU 70 percentage,Medium,cloudwatch,2020-04-13T01:32:47.770+0530,from_root,AXP-2308,0
