AlertName,Time,Source
Dream11MerchantVolumeDropAlert,Mon Apr 13 22:32:31 2020,Prom
EulerAPICriticalPayTP90,Mon Apr 13 21:03:06 2020,Prom
Dream11MerchantVolumeDropAlert,Mon Apr 13 20:30:01 2020,Prom
EulerAPICriticalTxnTP90,Mon Apr 13 15:46:36 2020,Prom
EulerAPICriticalTxnTP90,Mon Apr 13 15:46:36 2020,Prom
PaymentGatewaySuccessRateAlert,Mon Apr 13 13:46:46 2020,Prom
PaymentGatewaySuccessRateAlert,Mon Apr 13 13:46:46 2020,Prom
PaymentGatewaySuccessRateAlert,Mon Apr 13 13:41:46 2020,Prom
PaymentGatewaySuccessRateAlert,Mon Apr 13 13:41:46 2020,Prom
PaymentGatewaySuccessRateAlert,Mon Apr 13 11:16:46 2020,Prom
Dream11MerchantVolumeDropAlert,Mon Apr 13 10:51:01 2020,Prom
OlaCabsOrderSuccessRateAlert,Mon Apr 13 10:35:46 2020,Prom
Dream11MerchantVolumeDropAlert,Mon Apr 13 10:26:01 2020,Prom
Dream11MerchantVolumeDropAlert,Mon Apr 13 10:11:01 2020,Prom
Dream11MerchantVolumeDropAlert,Mon Apr 13 08:40:46 2020,Prom
PaymentGatewaySuccessRateAlert,Mon Apr 13 08:32:31 2020,Prom
UPI UAT test,Mon Apr 13 23:51:28 2020,Pingdom
UPI UAT test,Mon Apr 13 23:50:42 2020,Pingdom
UPI UAT test,Mon Apr 13 23:29:32 2020,Pingdom
UPI UAT test,Mon Apr 13 23:29:31 2020,Pingdom
UPI UAT test,Mon Apr 13 22:57:34 2020,Pingdom
UPI UAT test,Mon Apr 13 22:57:34 2020,Pingdom
UPI UAT test,Mon Apr 13 22:38:51 2020,Pingdom
UPI UAT test,Mon Apr 13 22:37:35 2020,Pingdom
UPI UAT test,Mon Apr 13 19:17:30 2020,Pingdom
UPI UAT test,Mon Apr 13 19:16:34 2020,Pingdom
UPI UAT test,Mon Apr 13 18:46:29 2020,Pingdom
UPI UAT test,Mon Apr 13 18:45:38 2020,Pingdom
UPI UAT test,Mon Apr 13 16:21:36 2020,Pingdom
UPI UAT test,Mon Apr 13 16:21:35 2020,Pingdom
UPI UAT test,Mon Apr 13 15:06:29 2020,Pingdom
UPI UAT test,Mon Apr 13 15:05:39 2020,Pingdom
UPI UAT test,Mon Apr 13 14:50:32 2020,Pingdom
UPI UAT test,Mon Apr 13 14:49:42 2020,Pingdom
UPI UAT test,Mon Apr 13 14:26:28 2020,Pingdom
UPI UAT test,Mon Apr 13 14:25:37 2020,Pingdom
Sentry Error Tracking,Mon Apr 13 14:20:50 2020,Pingdom
Sentry Error Tracking,Mon Apr 13 14:20:04 2020,Pingdom
UPI UAT test,Mon Apr 13 13:54:35 2020,Pingdom
UPI UAT test,Mon Apr 13 13:29:39 2020,Pingdom
UPI UAT test,Mon Apr 13 13:26:35 2020,Pingdom
UPI UAT test,Mon Apr 13 13:01:35 2020,Pingdom
UPI UAT test,Mon Apr 13 12:58:41 2020,Pingdom
Sentry Error Tracking,Mon Apr 13 08:19:51 2020,Pingdom
UPI UAT test,Mon Apr 13 07:50:40 2020,Pingdom
UPI UAT test,Mon Apr 13 05:42:31 2020,Pingdom
UPI UAT test,Mon Apr 13 05:41:33 2020,Pingdom
UPI UAT test,Mon Apr 13 05:31:36 2020,Pingdom
UPI UAT test,Mon Apr 13 05:30:43 2020,Pingdom
UPI UAT test,Mon Apr 13 05:17:32 2020,Pingdom
UPI UAT test,Mon Apr 13 05:16:37 2020,Pingdom
UPI UAT test,Mon Apr 13 05:07:33 2020,Pingdom
UPI UAT test,Mon Apr 13 05:07:32 2020,Pingdom
UPI UAT test,Mon Apr 13 04:26:30 2020,Pingdom
UPI SCB,Mon Apr 13 04:25:43 2020,Pingdom
UPI UAT test,Mon Apr 13 04:25:33 2020,Pingdom
UPI SCB,Mon Apr 13 04:21:50 2020,Pingdom
UPI UAT test,Mon Apr 13 04:00:35 2020,Pingdom
UPI UAT test,Mon Apr 13 04:00:34 2020,Pingdom
UPI UAT test,Mon Apr 13 02:37:29 2020,Pingdom
UPI UAT test,Mon Apr 13 02:34:32 2020,Pingdom
UPI UAT test,Mon Apr 13 01:53:36 2020,Pingdom
UPI UAT test,Mon Apr 13 01:53:33 2020,Pingdom
UPI UAT test,Mon Apr 13 00:54:36 2020,Pingdom
UPI UAT test,Mon Apr 13 00:54:32 2020,Pingdom
UPI UAT test,Mon Apr 13 00:25:36 2020,Pingdom
UPI UAT test,Mon Apr 13 00:24:30 2020,Pingdom
Sentry Error Tracking,Mon Apr 13 00:03:01 2020,Pingdom
EC Replica DB Read IOPS,Mon Apr 13 21:14:42 2020,Cloudwatch
EC App Server CPU 70 percentage,Mon Apr 13 06:48:45 2020,Cloudwatch
EC App Server CPU 70 percentage,Mon Apr 13 06:32:45 2020,Cloudwatch
EC App Server CPU 70 percentage,Mon Apr 13 01:32:45 2020,Cloudwatch
